-- MySQL Script generated by MySQL Workbench
-- jue 01 abr 2021 11:05:53
-- Model: New Model    Version: 1.0
-- MySQL Workbench Forward Engineering

SET @OLD_UNIQUE_CHECKS=@@UNIQUE_CHECKS, UNIQUE_CHECKS=0;
SET @OLD_FOREIGN_KEY_CHECKS=@@FOREIGN_KEY_CHECKS, FOREIGN_KEY_CHECKS=0;
SET @OLD_SQL_MODE=@@SQL_MODE, SQL_MODE='ONLY_FULL_GROUP_BY,STRICT_TRANS_TABLES,NO_ZERO_IN_DATE,NO_ZERO_DATE,ERROR_FOR_DIVISION_BY_ZERO,NO_ENGINE_SUBSTITUTION';

-- -----------------------------------------------------
-- Schema core
-- -----------------------------------------------------

-- -----------------------------------------------------
-- Schema core
-- -----------------------------------------------------
CREATE SCHEMA IF NOT EXISTS `core` ;
USE `core` ;

-- -----------------------------------------------------
-- Table `core`.`Usuario`
-- -----------------------------------------------------
DROP TABLE IF EXISTS `core`.`Usuario`;
CREATE TABLE IF NOT EXISTS `core`.`Usuario` (
  `DNI` VARCHAR(10) NOT NULL,
  `nombre` VARCHAR(45) NULL,
  `contrasena` VARCHAR(255) NULL,
  `apellidos` VARCHAR(45) NULL,
  `edad` INT(130) NULL,
  `genero` ENUM('Hombre', 'Mujer', 'Otro') NULL,
  `correo_electronico` VARCHAR(255) NULL,
  PRIMARY KEY (`DNI`))
ENGINE = InnoDB
DEFAULT CHARACTER SET = utf8mb4;


-- -----------------------------------------------------
-- Table `core`.`Paciente`
-- -----------------------------------------------------
DROP TABLE IF EXISTS `core`.`Paciente`;
CREATE TABLE IF NOT EXISTS `core`.`Paciente` (
  `PacienteDNI` VARCHAR(10) NOT NULL,
  PRIMARY KEY (`PacienteDNI`),
  INDEX `fk_Paciente_Usuario1_idx` (`PacienteDNI` ASC) VISIBLE,
  CONSTRAINT `fk_Paciente_Usuario1`
    FOREIGN KEY (`PacienteDNI`)
    REFERENCES `core`.`Usuario` (`DNI`)
    ON DELETE NO ACTION
    ON UPDATE NO ACTION)
ENGINE = InnoDB
DEFAULT CHARACTER SET = utf8mb4;


-- -----------------------------------------------------
-- Table `core`.`Impostor`
-- -----------------------------------------------------
DROP TABLE IF EXISTS `core`.`Impostor`;
CREATE TABLE IF NOT EXISTS `core`.`Impostor` (
  `ImpostorDNI` VARCHAR(10) NOT NULL,
  PRIMARY KEY (`ImpostorDNI`))
ENGINE = InnoDB
DEFAULT CHARACTER SET = utf8mb4;


-- -----------------------------------------------------
-- Table `core`.`ProductoNatural`
-- -----------------------------------------------------
CREATE TABLE IF NOT EXISTS `core`.`ProductoNatural` (
  `idProductoNatural` INT NOT NULL AUTO_INCREMENT,
  `Nombre` VARCHAR(45) NULL,
  `Recomendaciones` MEDIUMTEXT NULL,
  PRIMARY KEY (`idProductoNatural`))
ENGINE = InnoDB
DEFAULT CHARACTER SET = utf8mb4;


-- -----------------------------------------------------
-- Table `core`.`Paciente-ProductoNatural`
-- -----------------------------------------------------
CREATE TABLE IF NOT EXISTS `core`.`Paciente-ProductoNatural` (
  `idProductoNatural` INT NOT NULL,
  `PacienteDNI` VARCHAR(10) NOT NULL,
  PRIMARY KEY (`idProductoNatural`, `PacienteDNI`),
  INDEX `fk_ProductoNatural_has_Paciente_Paciente1_idx` (`PacienteDNI` ASC) VISIBLE,
  INDEX `fk_ProductoNatural_has_Paciente_ProductoNatural1_idx` (`idProductoNatural` ASC) VISIBLE,
  CONSTRAINT `fk_ProductoNatural_has_Paciente_ProductoNatural1`
    FOREIGN KEY (`idProductoNatural`)
    REFERENCES `core`.`ProductoNatural` (`idProductoNatural`)
    ON DELETE NO ACTION
    ON UPDATE NO ACTION,
  CONSTRAINT `fk_ProductoNatural_has_Paciente_Paciente1`
    FOREIGN KEY (`PacienteDNI`)
    REFERENCES `core`.`Paciente` (`PacienteDNI`)
    ON DELETE NO ACTION
    ON UPDATE NO ACTION)
ENGINE = InnoDB
DEFAULT CHARACTER SET = utf8mb4;


-- -----------------------------------------------------
-- Table `core`.`Enfermedad`
-- -----------------------------------------------------
CREATE TABLE IF NOT EXISTS `core`.`Enfermedad` (
  `idEnfermedad` INT NOT NULL AUTO_INCREMENT,
  `Nombre` VARCHAR(45) NULL,
  `Sintomas` MEDIUMTEXT NULL,
  `Recomendaciones` MEDIUMTEXT NULL,
  PRIMARY KEY (`idEnfermedad`))
ENGINE = InnoDB
DEFAULT CHARACTER SET = utf8mb4;


-- -----------------------------------------------------
-- Table `core`.`Paciente-Enfermedad`
-- -----------------------------------------------------
CREATE TABLE IF NOT EXISTS `core`.`Paciente-Enfermedad` (
  `idEnfermedad` INT NOT NULL,
  `PacienteDNI` VARCHAR(10) NOT NULL,
  PRIMARY KEY (`idEnfermedad`, `PacienteDNI`),
  INDEX `fk_Enfermedad_has_Paciente_Paciente1_idx` (`PacienteDNI` ASC) VISIBLE,
  INDEX `fk_Enfermedad_has_Paciente_Enfermedad1_idx` (`idEnfermedad` ASC) VISIBLE,
  CONSTRAINT `fk_Enfermedad_has_Paciente_Enfermedad1`
    FOREIGN KEY (`idEnfermedad`)
    REFERENCES `core`.`Enfermedad` (`idEnfermedad`)
    ON DELETE NO ACTION
    ON UPDATE NO ACTION,
  CONSTRAINT `fk_Enfermedad_has_Paciente_Paciente1`
    FOREIGN KEY (`PacienteDNI`)
    REFERENCES `core`.`Paciente` (`PacienteDNI`)
    ON DELETE NO ACTION
    ON UPDATE NO ACTION)
ENGINE = InnoDB
DEFAULT CHARACTER SET = utf8mb4;


-- -----------------------------------------------------
-- Table `core`.`Medicamento`
-- -----------------------------------------------------
CREATE TABLE IF NOT EXISTS `core`.`Medicamento` (
  `idMedicamento` INT NOT NULL AUTO_INCREMENT,
  `Nombre` VARCHAR(45) NULL,
  `Contraindicaciones` MEDIUMTEXT NULL,
  `Posologia` MEDIUMTEXT NULL,
  `Propecto` MEDIUMTEXT NULL,
  `Composicion` MEDIUMTEXT NULL,
  PRIMARY KEY (`idMedicamento`))
ENGINE = InnoDB
DEFAULT CHARACTER SET = utf8mb4;


-- -----------------------------------------------------
-- Table `core`.`Paciente-Medicamento`
-- -----------------------------------------------------
CREATE TABLE IF NOT EXISTS `core`.`Paciente-Medicamento` (
  `idMedicamento` INT NOT NULL,
  `PacienteDNI` VARCHAR(10) NOT NULL,
  PRIMARY KEY (`idMedicamento`, `PacienteDNI`),
  INDEX `fk_Medicamento_has_Paciente_Paciente1_idx` (`PacienteDNI` ASC) VISIBLE,
  INDEX `fk_Medicamento_has_Paciente_Medicamento1_idx` (`idMedicamento` ASC) VISIBLE,
  CONSTRAINT `fk_Medicamento_has_Paciente_Medicamento1`
    FOREIGN KEY (`idMedicamento`)
    REFERENCES `core`.`Medicamento` (`idMedicamento`)
    ON DELETE NO ACTION
    ON UPDATE NO ACTION,
  CONSTRAINT `fk_Medicamento_has_Paciente_Paciente1`
    FOREIGN KEY (`PacienteDNI`)
    REFERENCES `core`.`Paciente` (`PacienteDNI`)
    ON DELETE NO ACTION
    ON UPDATE NO ACTION)
ENGINE = InnoDB
DEFAULT CHARACTER SET = utf8mb4;


-- -----------------------------------------------------
-- Table `core`.`TrabajadorLaboratorio`
-- -----------------------------------------------------
DROP TABLE IF EXISTS `core`.`TrabajadorLaboratorio`;
CREATE TABLE IF NOT EXISTS `core`.`TrabajadorLaboratorio` (
  `TrabajadorLaboratorioDNI` VARCHAR(10) NOT NULL,
  PRIMARY KEY (`TrabajadorLaboratorioDNI`),
  CONSTRAINT `fk_TrabajadorLaboratorio_Usuario1`
    FOREIGN KEY (`TrabajadorLaboratorioDNI`)
    REFERENCES `core`.`Usuario` (`DNI`)
    ON DELETE NO ACTION
    ON UPDATE NO ACTION)
ENGINE = InnoDB
DEFAULT CHARACTER SET = utf8mb4;


-- -----------------------------------------------------
-- Table `core`.`Prueba`
-- -----------------------------------------------------
DROP TABLE IF EXISTS `core`.`Prueba`;
CREATE TABLE IF NOT EXISTS `core`.`Prueba` (
  `idPrueba` INT NOT NULL AUTO_INCREMENT,
  `TrabajadorLaboratorioDNI` VARCHAR(10) NOT NULL,
  `PacienteDNI` VARCHAR(10) NOT NULL,
  `FechaRealizacion` DATETIME NULL,
  PRIMARY KEY (`idPrueba`),
  INDEX `fk_Prueba_Paciente1_idx` (`PacienteDNI` ASC) VISIBLE,
  INDEX `fk_Prueba_TrabajadorLaboratorio1_idx` (`TrabajadorLaboratorioDNI` ASC) VISIBLE,
  CONSTRAINT `fk_Prueba_Paciente1`
    FOREIGN KEY (`PacienteDNI`)
    REFERENCES `core`.`Paciente` (`PacienteDNI`)
    ON DELETE NO ACTION
    ON UPDATE NO ACTION,
  CONSTRAINT `fk_Prueba_TrabajadorLaboratorio1`
    FOREIGN KEY (`TrabajadorLaboratorioDNI`)
    REFERENCES `core`.`TrabajadorLaboratorio` (`TrabajadorLaboratorioDNI`)
    ON DELETE NO ACTION
    ON UPDATE NO ACTION)
ENGINE = InnoDB
DEFAULT CHARACTER SET = utf8mb4;


-- -----------------------------------------------------
-- Table `core`.`PCR`
-- -----------------------------------------------------
DROP TABLE IF EXISTS `core`.`PCR`;
CREATE TABLE IF NOT EXISTS `core`.`PCR` (
  `idPrueba` INT NOT NULL,
  `Fluorescencia` REAL NULL,
  PRIMARY KEY (`idPrueba`),
  INDEX `fk_PCR_Prueba1_idx` (`idPrueba` ASC) VISIBLE,
  CONSTRAINT `fk_PCR_Prueba1`
    FOREIGN KEY (`idPrueba`)
    REFERENCES `core`.`Prueba` (`idPrueba`)
    ON DELETE NO ACTION
    ON UPDATE NO ACTION)
ENGINE = InnoDB
DEFAULT CHARACTER SET = utf8mb4;


-- -----------------------------------------------------
-- Table `core`.`AnalisisSangre`
-- -----------------------------------------------------
DROP TABLE IF EXISTS `core`.`AnalisisSangre`;
CREATE TABLE IF NOT EXISTS `core`.`AnalisisSangre` (
  `idPrueba` INT NOT NULL,
  `Electrolitos` REAL NULL,
  `Glucosa` REAL NULL,
  `Colesterol` REAL NULL,
  `Trigliceridos` REAL NULL,
  `Bilirrubina` REAL NULL,
  PRIMARY KEY (`idPrueba`),
  INDEX `fk_AnalisisSangre_Prueba1_idx` (`idPrueba` ASC) VISIBLE,
  CONSTRAINT `fk_AnalisisSangre_Prueba1`
    FOREIGN KEY (`idPrueba`)
    REFERENCES `core`.`Prueba` (`idPrueba`)
    ON DELETE NO ACTION
    ON UPDATE NO ACTION)
ENGINE = InnoDB
DEFAULT CHARACTER SET = utf8mb4;


-- -----------------------------------------------------
-- Table `core`.`Sintomas`
-- -----------------------------------------------------
CREATE TABLE IF NOT EXISTS `core`.`Sintomas` (
  `idSintomas` INT NOT NULL AUTO_INCREMENT,
  `Nombre` VARCHAR(45) NULL,
  `Descripcion` MEDIUMTEXT NULL,
  PRIMARY KEY (`idSintomas`))
ENGINE = InnoDB
DEFAULT CHARACTER SET = utf8mb4;


-- -----------------------------------------------------
-- Table `core`.`Enfermedad-Sintomas`
-- -----------------------------------------------------
CREATE TABLE IF NOT EXISTS `core`.`Enfermedad-Sintomas` (
  `idSintomas` INT NOT NULL,
  `idEnfermedad` INT NOT NULL,
  PRIMARY KEY (`idSintomas`, `idEnfermedad`),
  INDEX `fk_Sintomas_has_Enfermedad_Enfermedad1_idx` (`idEnfermedad` ASC) VISIBLE,
  INDEX `fk_Sintomas_has_Enfermedad_Sintomas1_idx` (`idSintomas` ASC) VISIBLE,
  CONSTRAINT `fk_Sintomas_has_Enfermedad_Sintomas1`
    FOREIGN KEY (`idSintomas`)
    REFERENCES `core`.`Sintomas` (`idSintomas`)
    ON DELETE NO ACTION
    ON UPDATE NO ACTION,
  CONSTRAINT `fk_Sintomas_has_Enfermedad_Enfermedad1`
    FOREIGN KEY (`idEnfermedad`)
    REFERENCES `core`.`Enfermedad` (`idEnfermedad`)
    ON DELETE NO ACTION
    ON UPDATE NO ACTION)
ENGINE = InnoDB
DEFAULT CHARACTER SET = utf8mb4;


-- -----------------------------------------------------
-- Table `core`.`Lenguaje`
-- -----------------------------------------------------
CREATE TABLE IF NOT EXISTS `core`.`Lenguaje` (
  `idLenguaje` INT NOT NULL AUTO_INCREMENT,
  `Nombre` VARCHAR(45) NULL,
  `ISO639-1` VARCHAR(45) NULL,
  PRIMARY KEY (`idLenguaje`))
ENGINE = InnoDB
DEFAULT CHARACTER SET = utf8mb4;


-- -----------------------------------------------------
-- Table `core`.`ProductoNatural-Lenguaje`
-- -----------------------------------------------------
CREATE TABLE IF NOT EXISTS `core`.`ProductoNatural-Lenguaje` (
  `idLenguaje` INT NOT NULL,
  `idProductoNatural` INT NOT NULL,
  PRIMARY KEY (`idLenguaje`, `idProductoNatural`),
  INDEX `fk_Lenguaje_has_ProductoNatural_ProductoNatural1_idx` (`idProductoNatural` ASC) VISIBLE,
  INDEX `fk_Lenguaje_has_ProductoNatural_Lenguaje1_idx` (`idLenguaje` ASC) VISIBLE,
  CONSTRAINT `fk_Lenguaje_has_ProductoNatural_Lenguaje1`
    FOREIGN KEY (`idLenguaje`)
    REFERENCES `core`.`Lenguaje` (`idLenguaje`)
    ON DELETE NO ACTION
    ON UPDATE NO ACTION,
  CONSTRAINT `fk_Lenguaje_has_ProductoNatural_ProductoNatural1`
    FOREIGN KEY (`idProductoNatural`)
    REFERENCES `core`.`ProductoNatural` (`idProductoNatural`)
    ON DELETE NO ACTION
    ON UPDATE NO ACTION)
ENGINE = InnoDB
DEFAULT CHARACTER SET = utf8mb4;


-- -----------------------------------------------------
-- Table `core`.`Enfermedad-Lenguaje`
-- -----------------------------------------------------
CREATE TABLE IF NOT EXISTS `core`.`Enfermedad-Lenguaje` (
  `idEnfermedad` INT NOT NULL,
  `idLenguaje` INT NOT NULL,
  PRIMARY KEY (`idEnfermedad`, `idLenguaje`),
  INDEX `fk_Enfermedad_has_Lenguaje_Lenguaje1_idx` (`idLenguaje` ASC) VISIBLE,
  INDEX `fk_Enfermedad_has_Lenguaje_Enfermedad1_idx` (`idEnfermedad` ASC) VISIBLE,
  CONSTRAINT `fk_Enfermedad_has_Lenguaje_Enfermedad1`
    FOREIGN KEY (`idEnfermedad`)
    REFERENCES `core`.`Enfermedad` (`idEnfermedad`)
    ON DELETE NO ACTION
    ON UPDATE NO ACTION,
  CONSTRAINT `fk_Enfermedad_has_Lenguaje_Lenguaje1`
    FOREIGN KEY (`idLenguaje`)
    REFERENCES `core`.`Lenguaje` (`idLenguaje`)
    ON DELETE NO ACTION
    ON UPDATE NO ACTION)
ENGINE = InnoDB
DEFAULT CHARACTER SET = utf8mb4;


-- -----------------------------------------------------
-- Table `core`.`Medicamento-Lenguaje`
-- -----------------------------------------------------
CREATE TABLE IF NOT EXISTS `core`.`Medicamento-Lenguaje` (
  `idMedicamento` INT NOT NULL,
  `idLenguaje` INT NOT NULL,
  PRIMARY KEY (`idMedicamento`, `idLenguaje`),
  INDEX `fk_Medicamento_has_Lenguaje_Lenguaje1_idx` (`idLenguaje` ASC) VISIBLE,
  INDEX `fk_Medicamento_has_Lenguaje_Medicamento1_idx` (`idMedicamento` ASC) VISIBLE,
  CONSTRAINT `fk_Medicamento_has_Lenguaje_Medicamento1`
    FOREIGN KEY (`idMedicamento`)
    REFERENCES `core`.`Medicamento` (`idMedicamento`)
    ON DELETE NO ACTION
    ON UPDATE NO ACTION,
  CONSTRAINT `fk_Medicamento_has_Lenguaje_Lenguaje1`
    FOREIGN KEY (`idLenguaje`)
    REFERENCES `core`.`Lenguaje` (`idLenguaje`)
    ON DELETE NO ACTION
    ON UPDATE NO ACTION)
ENGINE = InnoDB
DEFAULT CHARACTER SET = utf8mb4;


-- -----------------------------------------------------
-- Table `core`.`URL`
-- -----------------------------------------------------
CREATE TABLE IF NOT EXISTS `core`.`URL` (
  `idURL` INT NOT NULL AUTO_INCREMENT,
  `URL` TINYTEXT NULL,
  PRIMARY KEY (`idURL`))
ENGINE = InnoDB
DEFAULT CHARACTER SET = utf8mb4;


-- -----------------------------------------------------
-- Table `core`.`ProductoNatural-URL`
-- -----------------------------------------------------
CREATE TABLE IF NOT EXISTS `core`.`ProductoNatural-URL` (
  `idProductoNatural` INT NOT NULL,
  `idURL` INT NOT NULL,
  PRIMARY KEY (`idProductoNatural`, `idURL`),
  INDEX `fk_ProductoNatural_has_URL_URL1_idx` (`idURL` ASC) VISIBLE,
  INDEX `fk_ProductoNatural_has_URL_ProductoNatural1_idx` (`idProductoNatural` ASC) VISIBLE,
  CONSTRAINT `fk_ProductoNatural_has_URL_ProductoNatural1`
    FOREIGN KEY (`idProductoNatural`)
    REFERENCES `core`.`ProductoNatural` (`idProductoNatural`)
    ON DELETE NO ACTION
    ON UPDATE NO ACTION,
  CONSTRAINT `fk_ProductoNatural_has_URL_URL1`
    FOREIGN KEY (`idURL`)
    REFERENCES `core`.`URL` (`idURL`)
    ON DELETE NO ACTION
    ON UPDATE NO ACTION)
ENGINE = InnoDB
DEFAULT CHARACTER SET = utf8mb4;


-- -----------------------------------------------------
-- Table `core`.`Enfermedad-URL`
-- -----------------------------------------------------
CREATE TABLE IF NOT EXISTS `core`.`Enfermedad-URL` (
  `idEnfermedad` INT NOT NULL,
  `idURL` INT NOT NULL,
  PRIMARY KEY (`idEnfermedad`, `idURL`),
  INDEX `fk_Enfermedad_has_URL_URL1_idx` (`idURL` ASC) VISIBLE,
  INDEX `fk_Enfermedad_has_URL_Enfermedad1_idx` (`idEnfermedad` ASC) VISIBLE,
  CONSTRAINT `fk_Enfermedad_has_URL_Enfermedad1`
    FOREIGN KEY (`idEnfermedad`)
    REFERENCES `core`.`Enfermedad` (`idEnfermedad`)
    ON DELETE NO ACTION
    ON UPDATE NO ACTION,
  CONSTRAINT `fk_Enfermedad_has_URL_URL1`
    FOREIGN KEY (`idURL`)
    REFERENCES `core`.`URL` (`idURL`)
    ON DELETE NO ACTION
    ON UPDATE NO ACTION)
ENGINE = InnoDB
DEFAULT CHARACTER SET = utf8mb4;


-- -----------------------------------------------------
-- Table `core`.`Medicamento-URL`
-- -----------------------------------------------------
CREATE TABLE IF NOT EXISTS `core`.`Medicamento-URL` (
  `idMedicamento` INT NOT NULL,
  `idURL` INT NOT NULL,
  PRIMARY KEY (`idMedicamento`, `idURL`),
  INDEX `fk_Medicamento_has_URL_URL1_idx` (`idURL` ASC) VISIBLE,
  INDEX `fk_Medicamento_has_URL_Medicamento1_idx` (`idMedicamento` ASC) VISIBLE,
  CONSTRAINT `fk_Medicamento_has_URL_Medicamento1`
    FOREIGN KEY (`idMedicamento`)
    REFERENCES `core`.`Medicamento` (`idMedicamento`)
    ON DELETE NO ACTION
    ON UPDATE NO ACTION,
  CONSTRAINT `fk_Medicamento_has_URL_URL1`
    FOREIGN KEY (`idURL`)
    REFERENCES `core`.`URL` (`idURL`)
    ON DELETE NO ACTION
    ON UPDATE NO ACTION)
ENGINE = InnoDB
DEFAULT CHARACTER SET = utf8mb4;


-- -----------------------------------------------------
-- Table `core`.`Doctor`
-- -----------------------------------------------------
DROP TABLE IF EXISTS `core`.`Doctor`;
CREATE TABLE IF NOT EXISTS `core`.`Doctor` (
  `DoctorDNI` VARCHAR(10) NOT NULL,
  PRIMARY KEY (`DoctorDNI`),
  CONSTRAINT `fk_Doctor_Usuario1`
    FOREIGN KEY (`DoctorDNI`)
    REFERENCES `core`.`Usuario` (`DNI`)
    ON DELETE NO ACTION
    ON UPDATE NO ACTION)
ENGINE = InnoDB
DEFAULT CHARACTER SET = utf8mb4;


-- -----------------------------------------------------
-- Table `core`.`Consulta`
-- -----------------------------------------------------
DROP TABLE IF EXISTS `core`.`Consulta`;
CREATE TABLE IF NOT EXISTS `core`.`Consulta` (
  `idConsulta` INT NOT NULL AUTO_INCREMENT,
  `PacienteDNI` VARCHAR(10) NOT NULL,
  `FechaRealizacion` DATETIME NULL,
  `Observaciones` MEDIUMTEXT NULL,
  `DoctorDNI` VARCHAR(10) NOT NULL,
  INDEX `fk_Consulta_Paciente1_idx` (`PacienteDNI` ASC) VISIBLE,
  PRIMARY KEY (`idConsulta`),
  INDEX `fk_Consulta_Doctor1_idx` (`DoctorDNI` ASC) VISIBLE,
  CONSTRAINT `fk_Consulta_Paciente1`
    FOREIGN KEY (`PacienteDNI`)
    REFERENCES `core`.`Paciente` (`PacienteDNI`)
    ON DELETE NO ACTION
    ON UPDATE NO ACTION,
  CONSTRAINT `fk_Consulta_Doctor1`
    FOREIGN KEY (`DoctorDNI`)
    REFERENCES `core`.`Doctor` (`DoctorDNI`)
    ON DELETE NO ACTION
    ON UPDATE NO ACTION)
ENGINE = InnoDB
DEFAULT CHARACTER SET = utf8mb4;


-- -----------------------------------------------------
-- Table `core`.`Usuario-Impostor`
-- -----------------------------------------------------
DROP TABLE IF EXISTS `core`.`Usuario-Impostor`;
CREATE TABLE IF NOT EXISTS `core`.`Usuario-Impostor` (
  `Usuario_DNI` VARCHAR(10) NOT NULL,
  `Impostor_ImpostorDNI` VARCHAR(10) NOT NULL,
  `Token` INT NOT NULL UNIQUE,
  PRIMARY KEY (`Usuario_DNI`, `Impostor_ImpostorDNI`),
  INDEX `fk_Usuario_has_Impostor_Impostor1_idx` (`Impostor_ImpostorDNI` ASC) VISIBLE,
  INDEX `fk_Usuario_has_Impostor_Usuario1_idx` (`Usuario_DNI` ASC) VISIBLE,
  CONSTRAINT `fk_Usuario_has_Impostor_Usuario1`
    FOREIGN KEY (`Usuario_DNI`)
    REFERENCES `core`.`Usuario` (`DNI`)
    ON DELETE NO ACTION
    ON UPDATE NO ACTION,
  CONSTRAINT `fk_Usuario_has_Impostor_Impostor1`
    FOREIGN KEY (`Impostor_ImpostorDNI`)
    REFERENCES `core`.`Impostor` (`ImpostorDNI`)
    ON DELETE NO ACTION
    ON UPDATE NO ACTION)
ENGINE = InnoDB
DEFAULT CHARACTER SET = utf8mb4;


-- -----------------------------------------------------
-- Table `core`.`OTP`
-- -----------------------------------------------------
CREATE TABLE IF NOT EXISTS `core`.`OTP` (
  `idOTP` INT NOT NULL AUTO_INCREMENT,
  `PacienteDNI` VARCHAR(10) NOT NULL,
  `Valor` INT NULL,
  `Expiracion` DATETIME NULL,
  `Tipo` VARCHAR(45) NULL,
  PRIMARY KEY (`idOTP`),
  INDEX `fk_OTP_Paciente1_idx` (`PacienteDNI` ASC) VISIBLE,
  CONSTRAINT `fk_OTP_Paciente1`
    FOREIGN KEY (`PacienteDNI`)
    REFERENCES `core`.`Paciente` (`PacienteDNI`)
    ON DELETE NO ACTION
    ON UPDATE NO ACTION)
ENGINE = InnoDB
DEFAULT CHARACTER SET = utf8mb4;


-- -----------------------------------------------------
-- Table `core`.`Tokenizacion`
-- -----------------------------------------------------
DROP TABLE IF EXISTS `core`.`Tokenizacion`;
CREATE TABLE IF NOT EXISTS `core`.`Tokenizacion` (
  `Token` INT NOT NULL AUTO_INCREMENT,
  `Usuario_DNI` VARCHAR(10) NOT NULL,
  PRIMARY KEY (`Token`, `Usuario_DNI`),
  INDEX `fk_Tokenizacion_Usuario1_idx` (`Usuario_DNI` ASC) VISIBLE,
  CONSTRAINT `fk_Tokenizacion_Usuario1`
    FOREIGN KEY (`Usuario_DNI`)
    REFERENCES `core`.`Usuario` (`DNI`)
    ON DELETE NO ACTION
    ON UPDATE NO ACTION)
ENGINE = InnoDB;


SET SQL_MODE=@OLD_SQL_MODE;
SET FOREIGN_KEY_CHECKS=@OLD_FOREIGN_KEY_CHECKS;
SET UNIQUE_CHECKS=@OLD_UNIQUE_CHECKS;

INSERT INTO Usuario VALUES 
("02565323S", "Javier", "jg2000", "de Andrés González", 20, "Hombre", "javier.dandresg@alumnos.upm.es"),
("07939829T", "Miguel", "mg2000", "Ceballos Gomez", 20, "Hombre", "m.ceballos@alumnos.upm.es"),
("82734284U", "Adelio", "jh7348", "González", 45, "Otro", "adelio@alumnos.upm.es"),
("38121213V", "Pepe", "pc123", "Cuenca", 34, "Hombre", "pepecuenca@hotmail.com"),
("89328314X", "David", "contra123", "Anton", 12, "Otro", "davidA@gmail.com"),
("54268538S", "Bruce", "", "Leon", 43, "Hombre", "bruce.lquispe@alumnos.upm.es"),
("43827462A", "Maria", "ea321", "de la Flor", 24, "Mujer", "m.delaflor@alumnos.upm.es"),
("48372489B", "Manuel", "mma000", "Plajo", 32, "Hombre", "manuplajo@alumnos.upm.es"),
("87908732C", "Ivan", "contraseña123", "Achero", 54, "Otro", "ivanAchero@alumnos.upm.es"),
("84739487D", "Anabel", "pc123", "Motina", 34, "Hombre", "pepecuenca@hotmail.com"),
("37416283E", "Ernesto", "eva28", "Valencia", 17, "Otro", "evalencia@gmail.com"),
("49817434F", "Valentin", "val777", "Ocampo", 19, "Hombre", "joseocampo@gmail.com"),
("48327653G", "Catalin", "", "Covaci", 21, "Hombre", "catalin.covaci@alumnos.upm.es"),
("54923875H", "Isaac", "isama", "Movado", 22, "Hombre", "isamovado@alumnos.upm.es"),
("43857254I", "Sande", "sgonza", "González", 75, "Otro", "sangon@alumnos.upm.es"),
("02384098J", "Marc", "67891", "Lingo", 64, "Hombre", "marclingo@hotmail.com"),
("38497596K", "Alex", "12345", "Marcial", 35	, "Otro", "alexmarcA@gmail.com"),
("43598567L", "Diego", "daman2", "Palermo", 43, "Hombre", "diegopalermo@alumnos.upm.es"),
("54983579M", "Wisal", "ea321", "Sayid", 24, "Mujer", "wisalsayidr@alumnos.upm.es");

INSERT INTO Tokenizacion VALUES
(1, "02565323S"),
(2, "07939829T"),
(3, "82734284U"),
(4, "38121213V"),
(5, "89328314X"),
(6, "54268538S"),
(7, "43827462A"),
(8, "48372489B"),
(9, "87908732C"),
(10, "84739487D"),
(11, "37416283E"),
(12, "49817434F"),
(13, "48327653G"),
(14, "54923875H"),
(15, "43857254I"),
(16, "02384098J"),
(17, "38497596K"),
(18, "43598567L"),
(19, "54983579M");


INSERT INTO Doctor VALUES
("02565323S"),
("07939829T");

INSERT INTO Paciente VALUES
("54268538S"),
("43827462A"),
("48372489B"),
("87908732C"),
("84739487D"),
("37416283E"),
("49817434F"),
("48327653G"),
("54923875H"),
("43857254I"),
("02384098J"),
("38497596K"),
("43598567L"),
("54983579M");


INSERT INTO TrabajadorLaboratorio VALUES
("82734284U"),
("38121213V");

INSERT INTO Impostor VALUES
("89328314X");

INSERT INTO `Usuario-Impostor` VALUES
("02565323S", "89328314X", 42738),
("07939829T", "89328314X", 12734);

INSERT INTO Consulta VALUES
(1, "43827462A", NOW(), "observaciones", "02565323S"),
(2, "43827462A", NOW(), "observaciones2", "02565323S"),
(3, "43827462A", NOW(), "observacioness3", "02565323S"),
(4, "43827462A", NOW(), "observaciones4", "02565323S"),
(5, "48372489B", NOW(), "observaciones5", "02565323S"),
(6, "48372489B", NOW(), "observaciones6", "07939829T"),
(7, "43827462A", NOW(), "observaciones7", "02565323S"),
(8, "87908732C", NOW(), "observaciones8", "07939829T"),
(9, "84739487D", NOW(), "observacione9", "02565323S"),
(10, "37416283E", NOW(), "observaciones10", "07939829T");

INSERT INTO Prueba VALUES
(1, "82734284U", "43857254I", NOW()),
(2, "82734284U", "02384098J", NOW()),
(3, "82734284U", "38497596K", NOW()),
(4, "38121213V", "43598567L", NOW()),
(5, "38121213V", "54983579M", NOW());

INSERT INTO PCR VALUES
(1, 0.5345),
(2, 0.4111);

INSERT INTO AnalisisSangre VALUES
(1, 0.543, 0.5345, 0.5342, 0.7764, 2534.223),
(3, 354.543, 0.53, 0.342, 0.774, 24.223),
(5, 9423.22, 1.11, 0.3654, 0.999, 31.11);